time,count
1717054131,1
1717054131,2
1717054131,3
1717054131,4
1717054131,5
1717054131,6
1717054131,7
1717054131,8
1717054131,9
1717054131,10
1717054131,11
1717054131,12
1717054131,13
1717054131,14
1717054131,15
1717054131,16
1717054131,17
1717054131,18
1717054131,19
1717054132,20
1717054132,21
1717054132,22
1717054132,23
1717054132,24
1717054132,25
1717054132,26
1717054132,27
1717054132,28
1717054132,29
1717054132,30
1717054132,31
1717054132,32
1717054132,33
1717054132,34
1717054132,35
1717054132,36
1717054132,37
1717054132,38
1717054132,39
1717054133,40
1717054133,41
1717054133,42
1717054133,43
1717054133,44
1717054133,45
1717054133,46
1717054133,47
1717054133,48
1717054133,49
1717054133,50
1717054133,51
1717054133,52
1717054133,53
1717054133,54
1717054133,55
1717054133,56
1717054133,57
1717054133,58
1717054133,59
1717054134,60
1717054134,61
1717054134,62
1717054134,63
1717054134,64
1717054134,65
1717054134,66
1717054134,67
1717054134,68
1717054134,69
1717054134,70
1717054134,71
1717054134,72
1717054134,73
1717054134,74
1717054134,75
1717054134,76
1717054134,77
1717054134,78
1717054134,79
1717054135,80
1717054135,81
1717054135,82
1717054135,83
1717054135,84
1717054135,85
1717054135,86
1717054135,87
1717054135,88
1717054135,89
1717054135,90
1717054135,91
1717054135,92
1717054135,93
1717054135,94
1717054135,95
1717054135,96
1717054135,97
1717054135,98
1717054135,99
1717054136,100
1717054136,101
1717054136,102
1717054136,103
1717054136,104
1717054136,105
1717054136,106
1717054136,107
1717054136,108
1717054136,109
1717054136,110
1717054136,111
1717054136,112
1717054136,113
1717054136,114
1717054136,115
1717054136,116
1717054136,117
1717054136,118
1717054136,119
1717054137,120
1717054137,121
1717054137,122
1717054137,123
1717054137,124
1717054137,125
1717054137,126
1717054137,127
1717054137,128
1717054137,129
1717054137,130
1717054137,131
1717054137,132
1717054137,133
1717054137,134
1717054137,135
1717054137,136
1717054137,137
1717054137,138
1717054137,139
1717054138,140
1717054138,141
1717054138,142
1717054138,143
1717054138,144
1717054138,145
1717054138,146
1717054138,147
1717054138,148
1717054138,149
1717054138,150
1717054138,151
1717054138,152
1717054138,153
1717054138,154
1717054138,155
1717054138,156
1717054138,157
1717054138,158
1717054138,159
1717054139,160
1717054139,161
1717054139,162
1717054139,163
1717054139,164
1717054139,165
1717054139,166
1717054139,167
1717054139,168
1717054139,169
1717054139,170
1717054139,171
1717054139,172
1717054139,173
1717054139,174
1717054139,175
1717054139,176
1717054139,177
1717054139,178
1717054139,179
1717054140,180
1717054140,181
1717054140,182
1717054140,183
1717054140,184
1717054140,185
1717054140,186
1717054140,187
1717054140,188
1717054140,189
1717054140,190
1717054140,191
1717054140,192
1717054140,193
1717054140,194
1717054140,195
1717054140,196
1717054140,197
1717054140,198
1717054140,199
1717054141,200
