time,ID,VS,RPM,eng_temp,break_on_off,TPS,PV_AC_CAN,CONF_TCU,break_PRES,CUR_GR
1715950420.4049318,790,0,55053,,,,,,,
1715950420.4063675,809,,,180,0,43,0,1,,
1715950420.4109442,1087,,,,,,,,,0
1715950420.4149356,790,0,55053,,,,,,,
1715950420.4163945,809,,,180,0,43,0,1,,
1715950420.420938,1087,,,,,,,,,0
1715950420.424966,790,0,55053,,,,,,,
1715950420.4264104,809,,,180,0,43,0,1,,
1715950420.4309406,1087,,,,,,,,,0
1715950420.4363973,790,0,55053,,,,,,,
1715950420.4366307,809,,,180,0,43,0,1,,
1715950420.440942,1087,,,,,,,,,0
1715950420.4451227,790,0,55053,,,,,,,
1715950420.4465628,809,,,180,0,43,0,1,,
1715950420.4509451,1087,,,,,,,,,0
1715950420.4549766,790,0,48141,,,,,,,
1715950420.4564276,809,,,180,0,43,0,1,,
1715950420.46094,1087,,,,,,,,,0
1715950420.46633,790,0,48141,,,,,,,
1715950420.466565,809,,,180,0,43,0,1,,
1715950420.471129,1087,,,,,,,,,0
1715950420.4749818,790,0,48141,,,,,,,
1715950420.476429,809,,,180,0,43,0,1,,
1715950420.4820898,1087,,,,,,,,,0
1715950420.4849408,790,0,48141,,,,,,,
1715950420.4863868,809,,,180,0,44,0,1,,
1715950420.4909012,1087,,,,,,,,,0
1715950420.494921,790,0,47629,,,,,,,
1715950420.4963806,809,,,180,0,43,0,1,,
1715950420.500906,1087,,,,,,,,,0
1715950420.504894,790,0,47629,,,,,,,
1715950420.5051262,809,,,180,0,43,0,1,,
1715950420.5109034,1087,,,,,,,,,0
1715950420.514903,790,0,47629,,,,,,,
1715950420.5163496,809,,,180,0,43,0,1,,
1715950420.5220263,1087,,,,,,,,,0
1715950420.5249016,790,0,47629,,,,,,,
1715950420.5263464,809,,,180,0,43,0,1,,
1715950420.5311291,1087,,,,,,,,,0
1715950420.5351002,790,0,47629,,,,,,,
1715950420.536552,809,,,180,0,43,0,1,,
1715950420.5419998,1087,,,,,,,,,0
1715950420.5449095,790,0,43021,,,,,,,
1715950420.5463526,809,,,180,0,43,0,1,,
1715950420.5510252,1087,,,,,,,,,0
1715950420.5548806,790,0,43021,,,,,,,
1715950420.5563257,809,,,180,0,43,0,1,,
1715950420.5619457,1087,,,,,,,,,0
1715950420.5662606,790,0,43021,,,,,,,
1715950420.566494,809,,,180,0,43,0,1,,
1715950420.570905,1087,,,,,,,,,0
1715950420.5749607,790,0,43021,,,,,,,
1715950420.5764136,809,,,180,0,43,0,1,,
1715950420.5822537,1087,,,,,,,,,0
1715950420.5861702,790,0,40973,,,,,,,
1715950420.5876157,809,,,180,0,43,0,1,,
1715950420.5911815,1087,,,,,,,,,0
1715950420.594923,790,0,40973,,,,,,,
1715950420.5963795,809,,,180,0,43,0,1,,
1715950420.6019983,1087,,,,,,,,,0
1715950420.6049259,790,0,40973,,,,,,,
1715950420.606377,809,,,180,0,43,0,1,,
1715950420.610868,1087,,,,,,,,,0
1715950420.614923,790,0,40973,,,,,,,
1715950420.6163955,809,,,180,0,43,0,1,,
1715950420.6221378,1087,,,,,,,,,0
1715950420.6250029,790,0,40973,,,,,,,
1715950420.626441,809,,,180,0,43,0,1,,
1715950420.6309454,1087,,,,,,,,,0
1715950420.634892,790,0,43021,,,,,,,
1715950420.6363416,809,,,180,0,43,0,1,,
1715950420.6418679,1087,,,,,,,,,0
1715950420.6449144,790,0,43021,,,,,,,
1715950420.646363,809,,,180,0,43,0,1,,
1715950420.650889,1087,,,,,,,,,0
1715950420.654924,790,0,43021,,,,,,,
1715950420.6563973,809,,,180,0,43,0,1,,
1715950420.6620078,1087,,,,,,,,,0
1715950420.6662989,790,0,43021,,,,,,,
1715950420.666534,809,,,180,0,43,0,1,,
1715950420.670977,1087,,,,,,,,,0
1715950420.6748328,790,0,43021,,,,,,,
1715950420.6762795,809,,,180,0,43,0,1,,
1715950420.6819038,1087,,,,,,,,,0
1715950420.684893,790,0,34573,,,,,,,
1715950420.686341,809,,,180,0,43,0,1,,
1715950420.6908398,1087,,,,,,,,,0
1715950420.6948152,790,0,34573,,,,,,,
1715950420.6962638,809,,,180,0,43,0,1,,
1715950420.7020605,1087,,,,,,,,,0
1715950420.7048793,790,0,34573,,,,,,,
1715950420.7063267,809,,,180,0,43,0,1,,
1715950420.7109823,1087,,,,,,,,,0
1715950420.7150452,790,0,34573,,,,,,,
1715950420.716494,809,,,180,0,43,0,1,,
1715950420.7219138,1087,,,,,,,,,0
1715950420.724916,790,0,32525,,,,,,,
1715950420.7251508,809,,,180,0,43,0,1,,
1715950420.731955,1087,,,,,,,,,0
1715950420.7348995,790,0,32525,,,,,,,
1715950420.7363474,809,,,180,0,43,0,1,,
1715950420.741974,1087,,,,,,,,,0
1715950420.7448962,790,0,32525,,,,,,,
1715950420.7463427,809,,,180,0,43,0,1,,
1715950420.7510965,1087,,,,,,,,,0
1715950420.7548358,790,0,32525,,,,,,,
1715950420.7562833,809,,,180,0,43,0,1,,
1715950420.761904,1087,,,,,,,,,0
1715950420.7662947,790,0,32525,,,,,,,
1715950420.7665281,809,,,180,0,43,0,1,,
1715950420.770939,1087,,,,,,,,,0
1715950420.774996,790,0,41997,,,,,,,
1715950420.7764494,809,,,180,0,43,0,1,,
1715950420.78198,1087,,,,,,,,,0
1715950420.7848673,790,0,41997,,,,,,,
1715950420.7863169,809,,,180,0,43,0,1,,
1715950420.7908413,1087,,,,,,,,,0
1715950420.794879,790,0,41997,,,,,,,
1715950420.7963257,809,,,180,0,43,0,1,,
1715950420.801872,1087,,,,,,,,,0
1715950420.8048127,790,0,41997,,,,,,,
1715950420.8062592,809,,,180,0,43,0,1,,
1715950420.8108695,1087,,,,,,,,,0
1715950420.81733,790,0,42253,,,,,,,
1715950420.8175633,809,,,180,0,43,0,1,,
1715950420.8219855,1087,,,,,,,,,0
1715950420.8249078,790,0,42253,,,,,,,
1715950420.8263538,809,,,180,0,43,0,1,,
1715950420.831332,1087,,,,,,,,,0
1715950420.835117,790,0,42253,,,,,,,
1715950420.836574,809,,,180,0,43,0,1,,
1715950420.8421214,1087,,,,,,,,,0
1715950420.8450704,790,0,42253,,,,,,,
1715950420.846519,809,,,180,0,43,0,1,,
1715950420.8510716,1087,,,,,,,,,0
1715950420.8550196,790,0,42253,,,,,,,
1715950420.8564725,809,,,180,0,43,0,1,,
1715950420.8623476,1087,,,,,,,,,0
1715950420.866352,790,0,38413,,,,,,,
1715950420.8665867,809,,,180,0,43,0,1,,
1715950420.871041,1087,,,,,,,,,0
1715950420.8749638,790,0,38413,,,,,,,
1715950420.876413,809,,,180,0,43,0,1,,
1715950420.8820994,1087,,,,,,,,,0
1715950420.8850315,790,0,38413,,,,,,,
1715950420.886474,809,,,180,0,43,0,1,,
1715950420.8910735,1087,,,,,,,,,0
1715950420.8949914,790,0,38413,,,,,,,
1715950420.8964503,809,,,180,0,43,0,1,,
1715950420.9019604,1087,,,,,,,,,0
1715950420.9049468,790,0,38413,,,,,,,
1715950420.9063978,809,,,180,0,43,0,1,,
1715950420.9120116,1087,,,,,,,,,0
1715950420.9150214,790,0,40973,,,,,,,
1715950420.9164503,809,,,180,0,43,0,1,,
1715950420.9220645,1087,,,,,,,,,0
1715950420.9249573,790,0,40973,,,,,,,
1715950420.9264054,809,,,180,0,43,0,1,,
1715950420.9310322,1087,,,,,,,,,0
1715950420.935038,790,0,40973,,,,,,,
1715950420.9364927,809,,,180,0,43,0,1,,
1715950420.9420757,1087,,,,,,,,,0
1715950420.9449894,790,0,40973,,,,,,,
1715950420.946436,809,,,180,0,43,0,1,,
1715950420.95205,1087,,,,,,,,,0
1715950420.9549575,790,0,34317,,,,,,,
1715950420.9564135,809,,,180,0,43,0,1,,
1715950420.9620113,1087,,,,,,,,,0
1715950420.9656897,790,0,34317,,,,,,,
1715950420.9659262,809,,,180,0,43,0,1,,
1715950420.9710302,1087,,,,,,,,,0
1715950420.9750018,790,0,34317,,,,,,,
1715950420.9764628,809,,,180,0,43,0,1,,
1715950420.9820633,1087,,,,,,,,,0
1715950420.9849386,790,0,34317,,,,,,,
1715950420.985174,809,,,180,0,43,0,1,,
1715950420.9919944,1087,,,,,,,,,0
1715950420.994897,790,0,34317,,,,,,,
1715950420.9963505,809,,,180,0,43,0,1,,
1715950421.0020099,1087,,,,,,,,,0
1715950421.0049121,790,0,26893,,,,,,,
1715950421.006358,809,,,180,0,43,0,1,,
1715950421.0119267,1087,,,,,,,,,0
1715950421.014931,790,0,26893,,,,,,,
1715950421.0163949,809,,,180,0,43,0,1,,
1715950421.021989,1087,,,,,,,,,0
1715950421.0249827,790,0,26893,,,,,,,
1715950421.0264254,809,,,180,0,43,0,1,,
1715950421.0319118,1087,,,,,,,,,0
1715950421.0349333,790,0,26893,,,,,,,
1715950421.0363955,809,,,180,0,43,0,1,,
1715950421.0419297,1087,,,,,,,,,0
1715950421.0459516,790,0,34829,,,,,,,
1715950421.0473952,809,,,180,0,43,0,1,,
1715950421.051968,1087,,,,,,,,,0
1715950421.0548768,790,0,34829,,,,,,,
1715950421.056324,809,,,180,0,43,0,1,,
1715950421.0619304,1087,,,,,,,,,0
1715950421.066339,790,0,34829,,,,,,,
1715950421.0665731,809,,,180,0,43,0,1,,
1715950421.0719118,1087,,,,,,,,,0
1715950421.0749304,790,0,34829,,,,,,,
1715950421.0751648,809,,,180,0,43,0,1,,
1715950421.082157,1087,,,,,,,,,0
1715950421.0849438,790,0,34829,,,,,,,
1715950421.0863872,809,,,180,0,43,0,1,,
1715950421.0920222,1087,,,,,,,,,0
1715950421.0949035,790,0,39181,,,,,,,
1715950421.096358,809,,,180,0,43,0,1,,
1715950421.1019664,1087,,,,,,,,,0
1715950421.104908,790,0,39181,,,,,,,
1715950421.1063547,809,,,180,0,43,0,1,,
1715950421.1119363,1087,,,,,,,,,0
1715950421.1149302,790,0,39181,,,,,,,
1715950421.1163952,809,,,180,0,43,0,1,,
1715950421.12195,1087,,,,,,,,,0
1715950421.1249292,790,0,39181,,,,,,,
1715950421.1263745,809,,,180,0,43,0,1,,
1715950421.1319358,1087,,,,,,,,,0
1715950421.1349442,790,0,39181,,,,,,,
1715950421.1364021,809,,,180,0,43,0,1,,
1715950421.1419344,1087,,,,,,,,,0
1715950421.1449304,790,0,41485,,,,,,,
1715950421.146375,809,,,180,0,43,0,1,,
1715950421.15209,1087,,,,,,,,,0
1715950421.1549013,790,0,41485,,,,,,,
1715950421.156346,809,,,180,0,43,0,1,,
1715950421.1618764,1087,,,,,,,,,0
1715950421.166253,790,0,41485,,,,,,,
1715950421.1664872,809,,,180,0,43,0,1,,
1715950421.1720486,1087,,,,,,,,,0
1715950421.1748743,790,0,41485,,,,,,,
1715950421.176328,809,,,180,0,43,0,1,,
1715950421.1818469,1087,,,,,,,,,0
1715950421.1848457,790,0,43533,,,,,,,
1715950421.1862953,809,,,180,0,43,0,1,,
1715950421.1918302,1087,,,,,,,,,0
1715950421.1948261,790,0,43533,,,,,,,
1715950421.1962779,809,,,180,0,43,0,1,,
1715950421.2019267,1087,,,,,,,,,0
1715950421.204863,790,0,43533,,,,,,,
1715950421.2063158,809,,,180,0,43,0,1,,
1715950421.2119322,1087,,,,,,,,,0
1715950421.2148328,790,0,43533,,,,,,,
1715950421.21629,809,,,180,0,43,0,1,,
1715950421.2219186,1087,,,,,,,,,0
1715950421.2249103,790,0,43533,,,,,,,
1715950421.2263608,809,,,180,0,43,0,1,,
1715950421.231856,1087,,,,,,,,,0
1715950421.2349222,790,0,35085,,,,,,,
1715950421.2363832,809,,,180,0,43,0,1,,
1715950421.2418303,1087,,,,,,,,,0
1715950421.2448778,790,0,35085,,,,,,,
1715950421.2451124,809,,,180,0,43,0,1,,
1715950421.2518175,1087,,,,,,,,,0
1715950421.2547967,790,0,35085,,,,,,,
1715950421.256248,809,,,180,0,43,0,1,,
1715950421.2618845,1087,,,,,,,,,0
1715950421.2661853,790,0,35085,,,,,,,
1715950421.2664204,809,,,180,0,43,0,1,,
1715950421.2718887,1087,,,,,,,,,0
1715950421.275805,790,0,32013,,,,,,,
1715950421.2772563,809,,,180,0,43,0,1,,
1715950421.2818184,1087,,,,,,,,,0
1715950421.2848163,790,0,32013,,,,,,,
1715950421.2862654,809,,,180,0,43,0,1,,
1715950421.2918625,1087,,,,,,,,,0
1715950421.2948709,790,0,32013,,,,,,,
1715950421.2963262,809,,,180,0,43,0,1,,
1715950421.3018064,1087,,,,,,,,,0
1715950421.3048232,790,0,32013,,,,,,,
1715950421.3062727,809,,,180,0,43,0,1,,
1715950421.3118043,1087,,,,,,,,,0
1715950421.314814,790,0,32013,,,,,,,
1715950421.3162665,809,,,180,0,43,0,1,,
1715950421.3218784,1087,,,,,,,,,0
1715950421.324779,790,0,38925,,,,,,,
1715950421.3262286,809,,,180,0,43,0,1,,
1715950421.3320756,1087,,,,,,,,,0
1715950421.3350844,790,0,38925,,,,,,,
1715950421.3365438,809,,,180,0,43,0,1,,
1715950421.3420868,1087,,,,,,,,,0
1715950421.3450494,790,0,38925,,,,,,,
1715950421.3465006,809,,,180,0,43,0,1,,
1715950421.3520603,1087,,,,,,,,,0
1715950421.3549807,790,0,38925,,,,,,,
1715950421.356436,809,,,180,0,43,0,1,,
1715950421.3620777,1087,,,,,,,,,0
1715950421.366469,790,0,38925,,,,,,,
1715950421.366705,809,,,180,0,43,0,1,,
1715950421.3720315,1087,,,,,,,,,0
1715950421.3750029,790,0,41485,,,,,,,
1715950421.376446,809,,,180,0,43,0,1,,
1715950421.3820848,1087,,,,,,,,,0
1715950421.3850253,790,0,41485,,,,,,,
1715950421.3864715,809,,,180,0,43,0,1,,
1715950421.3919961,1087,,,,,,,,,0
1715950421.3950086,790,0,41485,,,,,,,
1715950421.3964565,809,,,180,0,43,0,1,,
1715950421.4021444,1087,,,,,,,,,0
1715950421.404996,790,0,41485,,,,,,,
1715950421.4064407,809,,,180,0,43,0,1,,
1715950421.412088,1087,,,,,,,,,0
1715950421.4149868,790,0,43789,,,,,,,
1715950421.4164383,809,,,180,0,43,0,1,,
1715950421.4219701,1087,,,,,,,,,0
1715950421.4250386,790,0,43789,,,,,,,
1715950421.426481,809,,,180,0,43,0,1,,
1715950421.431967,1087,,,,,,,,,0
1715950421.4345279,790,0,43789,,,,,,,
1715950421.4359703,809,,,180,0,43,0,1,,
1715950421.442057,1087,,,,,,,,,0
1715950421.4449608,790,0,43789,,,,,,,
1715950421.4464035,809,,,180,0,43,0,1,,
1715950421.451977,1087,,,,,,,,,0
1715950421.4550252,790,0,43789,,,,,,,
1715950421.4564764,809,,,180,0,43,0,1,,
1715950421.461931,1087,,,,,,,,,0
1715950421.4663277,790,0,50189,,,,,,,
1715950421.466566,809,,,180,0,43,0,1,,
1715950421.4720187,1087,,,,,,,,,0
1715950421.4750254,790,0,50189,,,,,,,
1715950421.4764788,809,,,180,0,43,0,1,,
1715950421.4820237,1087,,,,,,,,,0
1715950421.4850488,790,0,50189,,,,,,,
1715950421.4864955,809,,,180,0,43,0,1,,
1715950421.4919271,1087,,,,,,,,,0
1715950421.4949667,790,0,50189,,,,,,,
1715950421.4964252,809,,,180,0,43,0,1,,
1715950421.5020115,1087,,,,,,,,,0
1715950421.5059004,790,0,46861,,,,,,,
1715950421.5073457,809,,,180,0,43,0,1,,
1715950421.5119681,1087,,,,,,,,,0
1715950421.5149136,790,0,46861,,,,,,,
1715950421.5163605,809,,,180,0,43,0,1,,
1715950421.5219865,1087,,,,,,,,,0
1715950421.524992,790,0,46861,,,,,,,
1715950421.5264394,809,,,180,0,43,0,1,,
1715950421.5319343,1087,,,,,,,,,0
1715950421.5349128,790,0,46861,,,,,,,
1715950421.5363734,809,,,180,0,43,0,1,,
1715950421.5420167,1087,,,,,,,,,0
1715950421.5449898,790,0,46861,,,,,,,
1715950421.5464337,809,,,180,0,43,0,1,,
1715950421.5519679,1087,,,,,,,,,0
1715950421.554887,790,0,42253,,,,,,,
1715950421.5563307,809,,,180,0,43,0,1,,
1715950421.561969,1087,,,,,,,,,0
1715950421.5662694,790,0,42253,,,,,,,
1715950421.5665064,809,,,180,0,43,0,1,,
1715950421.571961,1087,,,,,,,,,0
1715950421.5749552,790,0,42253,,,,,,,
1715950421.5764189,809,,,180,0,43,0,1,,
1715950421.5819585,1087,,,,,,,,,0
1715950421.5849943,790,0,42253,,,,,,,
1715950421.5864375,809,,,180,0,43,0,1,,
1715950421.59208,1087,,,,,,,,,0
1715950421.5959773,790,0,44813,,,,,,,
1715950421.5974202,809,,,180,0,43,0,1,,
1715950421.602011,1087,,,,,,,,,0
1715950421.6049263,790,0,44813,,,,,,,
1715950421.6063697,809,,,180,0,43,0,1,,
1715950421.611952,1087,,,,,,,,,0
1715950421.615059,790,0,44813,,,,,,,
1715950421.616507,809,,,180,0,43,0,1,,
1715950421.6219072,1087,,,,,,,,,0
1715950421.6249287,790,0,44813,,,,,,,
1715950421.6251621,809,,,180,0,43,0,1,,
1715950421.6319325,1087,,,,,,,,,0
1715950421.6348886,790,0,44813,,,,,,,
1715950421.6363301,809,,,180,0,43,0,1,,
1715950421.6420207,1087,,,,,,,,,0
1715950421.6450107,790,0,42253,,,,,,,
1715950421.6464522,809,,,180,0,43,0,1,,
1715950421.6519172,1087,,,,,,,,,0
1715950421.6549172,790,0,42253,,,,,,,
1715950421.6563828,809,,,180,0,43,0,1,,
1715950421.6619232,1087,,,,,,,,,0
1715950421.6656477,790,0,42253,,,,,,,
1715950421.6658816,809,,,180,0,43,0,1,,
1715950421.6719117,1087,,,,,,,,,0
1715950421.6748474,790,0,42253,,,,,,,
1715950421.6762884,809,,,180,0,43,0,1,,
1715950421.6818748,1087,,,,,,,,,0
1715950421.6849117,790,0,42253,,,,,,,
1715950421.6863537,809,,,180,0,43,0,1,,
1715950421.6919143,1087,,,,,,,,,0
1715950421.6949105,790,0,44813,,,,,,,
1715950421.6963565,809,,,180,0,43,0,1,,
1715950421.701909,1087,,,,,,,,,0
1715950421.70485,790,0,44813,,,,,,,
1715950421.7062876,809,,,180,0,43,0,1,,
1715950421.7119153,1087,,,,,,,,,0
1715950421.7148395,790,0,44813,,,,,,,
1715950421.716281,809,,,180,0,43,0,1,,
1715950421.721839,1087,,,,,,,,,0
1715950421.7248724,790,0,44813,,,,,,,
1715950421.7263138,809,,,180,0,43,0,1,,
1715950421.7318466,1087,,,,,,,,,0
1715950421.7348373,790,0,50445,,,,,,,
1715950421.7362847,809,,,180,0,43,0,1,,
1715950421.7419114,1087,,,,,,,,,0
1715950421.7449126,790,0,50445,,,,,,,
1715950421.7463543,809,,,180,0,43,0,1,,
1715950421.751857,1087,,,,,,,,,0
1715950421.754856,790,0,50445,,,,,,,
1715950421.7563033,809,,,180,0,43,0,1,,
1715950421.761896,1087,,,,,,,,,0
1715950421.764846,790,0,50445,,,,,,,
1715950421.7662911,809,,,180,0,43,0,1,,
1715950421.7718935,1087,,,,,,,,,0
1715950421.7747962,790,0,50445,,,,,,,
1715950421.776252,809,,,180,0,43,0,1,,
1715950421.7818482,1087,,,,,,,,,0
1715950421.7847993,790,0,46605,,,,,,,
1715950421.7862468,809,,,180,0,43,0,1,,
1715950421.7918532,1087,,,,,,,,,0
1715950421.794788,790,0,46605,,,,,,,
1715950421.7962358,809,,,180,0,43,0,1,,
1715950421.8018105,1087,,,,,,,,,0
1715950421.804806,790,0,46605,,,,,,,
1715950421.8050425,809,,,180,0,43,0,1,,
1715950421.8119147,1087,,,,,,,,,0
1715950421.8148818,790,0,46605,,,,,,,
1715950421.8163338,809,,,180,0,43,0,1,,
1715950421.8219361,1087,,,,,,,,,0
1715950421.8248487,790,0,44557,,,,,,,
1715950421.826325,809,,,180,0,43,0,1,,
1715950421.832245,1087,,,,,,,,,0
1715950421.8351145,790,0,44557,,,,,,,
1715950421.8365583,809,,,180,0,43,0,1,,
1715950421.8421793,1087,,,,,,,,,0
1715950421.8451028,790,0,44557,,,,,,,
1715950421.8465412,809,,,180,0,43,0,1,,
1715950421.852039,1087,,,,,,,,,0
1715950421.855075,790,0,44557,,,,,,,
1715950421.8565242,809,,,180,0,43,0,1,,
1715950421.8620176,1087,,,,,,,,,0
1715950421.8644059,790,0,44557,,,,,,,
1715950421.8660054,809,,,180,0,43,0,1,,
1715950421.8719816,1087,,,,,,,,,0
1715950421.8750126,790,0,52749,,,,,,,
1715950421.8764584,809,,,180,0,43,0,1,,
1715950421.8820684,1087,,,,,,,,,0
1715950421.8850367,790,0,52749,,,,,,,
1715950421.8864772,809,,,180,0,43,0,1,,
1715950421.8920465,1087,,,,,,,,,0
1715950421.8950434,790,0,52749,,,,,,,
1715950421.8964884,809,,,180,0,43,0,1,,
1715950421.902069,1087,,,,,,,,,0
1715950421.9050727,790,0,52749,,,,,,,
1715950421.9065135,809,,,180,0,43,0,1,,
1715950421.9120362,1087,,,,,,,,,0
1715950421.9160435,790,0,45325,,,,,,,
1715950421.9174826,809,,,180,0,43,0,1,,
1715950421.9219575,1087,,,,,,,,,0
1715950421.9249346,790,0,45325,,,,,,,
1715950421.9263716,809,,,180,0,43,0,1,,
1715950421.931951,1087,,,,,,,,,0
1715950421.934997,790,0,45325,,,,,,,
1715950421.936443,809,,,180,0,43,0,1,,
1715950421.941999,1087,,,,,,,,,0
1715950421.9449618,790,0,45325,,,,,,,
1715950421.9464018,809,,,180,0,43,0,1,,
1715950421.9520404,1087,,,,,,,,,0
1715950421.9549818,790,0,45325,,,,,,,
1715950421.9564238,809,,,180,0,43,0,1,,
1715950421.9619436,1087,,,,,,,,,0
1715950421.9658284,790,0,38413,,,,,,,
1715950421.9660623,809,,,180,0,43,0,1,,
1715950421.9719846,1087,,,,,,,,,0
1715950421.9749498,790,0,38413,,,,,,,
1715950421.9764,809,,,180,0,43,0,1,,
1715950421.981982,1087,,,,,,,,,0
1715950421.9849749,790,0,38413,,,,,,,
1715950421.9864168,809,,,180,0,43,0,1,,
1715950421.9920607,1087,,,,,,,,,0
1715950421.9952588,790,0,38413,,,,,,,
1715950421.9967031,809,,,180,0,43,0,1,,
1715950422.0019476,1087,,,,,,,,,0
1715950422.0049944,790,0,38413,,,,,,,
1715950422.0064344,809,,,180,0,43,0,1,,
1715950422.0120215,1087,,,,,,,,,0
1715950422.0150435,790,0,47117,,,,,,,
1715950422.0164933,809,,,180,0,43,0,1,,
1715950422.0219455,1087,,,,,,,,,0
1715950422.0250406,790,0,47117,,,,,,,
1715950422.026482,809,,,180,0,43,0,1,,
1715950422.0320952,1087,,,,,,,,,0
1715950422.0349872,790,0,47117,,,,,,,
1715950422.0364327,809,,,180,0,43,0,1,,
1715950422.0419538,1087,,,,,,,,,0
1715950422.045036,790,0,47117,,,,,,,
1715950422.046484,809,,,180,0,43,0,1,,
1715950422.051928,1087,,,,,,,,,0
1715950422.0549016,790,0,47629,,,,,,,
1715950422.056355,809,,,180,0,43,0,1,,
1715950422.0618937,1087,,,,,,,,,0
1715950422.0642793,790,0,47629,,,,,,,
1715950422.0659106,809,,,180,0,43,0,1,,
1715950422.071955,1087,,,,,,,,,0
1715950422.0749502,790,0,47629,,,,,,,
1715950422.0751877,809,,,180,0,43,0,1,,
1715950422.0819793,1087,,,,,,,,,0
1715950422.0849974,790,0,47629,,,,,,,
1715950422.0864441,809,,,180,0,43,0,1,,
1715950422.0922348,1087,,,,,,,,,0
1715950422.0950463,790,0,47629,,,,,,,
1715950422.0964997,809,,,180,0,44,0,1,,
1715950422.101962,1087,,,,,,,,,0
1715950422.104931,790,0,48909,,,,,,,
1715950422.1063778,809,,,180,0,43,0,1,,
1715950422.1121058,1087,,,,,,,,,0
1715950422.1149693,790,0,48909,,,,,,,
1715950422.1164172,809,,,180,0,43,0,1,,
1715950422.121883,1087,,,,,,,,,0
1715950422.1249697,790,0,48909,,,,,,,
1715950422.1264114,809,,,180,0,43,0,1,,
1715950422.13199,1087,,,,,,,,,0
1715950422.1349807,790,0,48909,,,,,,,
1715950422.136432,809,,,180,0,43,0,1,,
1715950422.142047,1087,,,,,,,,,0
1715950422.1449742,790,0,49677,,,,,,,
1715950422.1464193,809,,,180,0,44,0,1,,
1715950422.1519587,1087,,,,,,,,,0
1715950422.1549273,790,0,49677,,,,,,,
1715950422.156392,809,,,180,0,44,0,1,,
1715950422.1619313,1087,,,,,,,,,0
1715950422.1643047,790,0,49677,,,,,,,
1715950422.165918,809,,,180,0,44,0,1,,
1715950422.1720212,1087,,,,,,,,,0
1715950422.1748679,790,0,49677,,,,,,,
1715950422.1763213,809,,,180,0,44,0,1,,
1715950422.1820376,1087,,,,,,,,,0
1715950422.184953,790,0,49677,,,,,,,
1715950422.1863942,809,,,180,0,45,0,1,,
1715950422.1920106,1087,,,,,,,,,0
1715950422.1948776,790,0,28685,,,,,,,
1715950422.1963255,809,,,180,0,45,0,1,,
1715950422.2018783,1087,,,,,,,,,0
1715950422.2048392,790,0,28685,,,,,,,
1715950422.2062821,809,,,180,0,45,0,1,,
1715950422.2118444,1087,,,,,,,,,0
1715950422.2148743,790,0,28685,,,,,,,
1715950422.216323,809,,,180,0,45,0,1,,
1715950422.2218533,1087,,,,,,,,,0
1715950422.2249093,790,0,28685,,,,,,,
1715950422.2263558,809,,,180,0,45,0,1,,
1715950422.2318466,1087,,,,,,,,,0
1715950422.2348335,790,0,28685,,,,,,,
1715950422.2368412,809,,,180,0,45,0,1,,
1715950422.2418556,1087,,,,,,,,,0
1715950422.244823,790,0,24077,,,,,,,
1715950422.2462623,809,,,180,0,45,0,1,,
1715950422.2518473,1087,,,,,,,,,0
1715950422.2548356,790,0,24077,,,,,,,
1715950422.256279,809,,,180,0,45,0,1,,
1715950422.2618115,1087,,,,,,,,,0
1715950422.2642112,790,0,24077,,,,,,,
1715950422.2658708,809,,,180,0,45,0,1,,
1715950422.271875,1087,,,,,,,,,0
1715950422.2748082,790,0,24077,,,,,,,
1715950422.2762551,809,,,180,0,45,0,1,,
1715950422.2818177,1087,,,,,,,,,0
1715950422.2847934,790,0,35341,,,,,,,
1715950422.2862384,809,,,180,0,45,0,1,,
1715950422.2918448,1087,,,,,,,,,0
1715950422.2948096,790,0,35341,,,,,,,
1715950422.296257,809,,,180,0,45,0,1,,
1715950422.3018134,1087,,,,,,,,,0
1715950422.3048105,790,0,35341,,,,,,,
1715950422.3062565,809,,,180,0,45,0,1,,
1715950422.3118126,1087,,,,,,,,,0
1715950422.3148854,790,0,35341,,,,,,,
1715950422.316331,809,,,180,0,45,0,1,,
1715950422.3218503,1087,,,,,,,,,0
1715950422.3247676,790,0,35341,,,,,,,
1715950422.3262105,809,,,180,0,45,0,1,,
1715950422.3320649,1087,,,,,,,,,0
1715950422.3349652,790,0,39949,,,,,,,
1715950422.336419,809,,,180,0,45,0,1,,
1715950422.342008,1087,,,,,,,,,0
1715950422.3451176,790,0,39949,,,,,,,
1715950422.3465643,809,,,180,0,45,0,1,,
1715950422.3521483,1087,,,,,,,,,0
1715950422.3550074,790,0,39949,,,,,,,
1715950422.3564572,809,,,180,0,45,0,1,,
1715950422.3619967,1087,,,,,,,,,0
1715950422.364381,790,0,39949,,,,,,,
1715950422.365845,809,,,180,0,45,0,1,,
1715950422.3719993,1087,,,,,,,,,0
1715950422.375073,790,0,50189,,,,,,,
1715950422.376522,809,,,180,0,45,0,1,,
1715950422.382052,1087,,,,,,,,,0
1715950422.3849795,790,0,50189,,,,,,,
1715950422.3864264,809,,,180,0,45,0,1,,
1715950422.3919852,1087,,,,,,,,,0
1715950422.3949902,790,0,50189,,,,,,,
1715950422.3964393,809,,,180,0,45,0,1,,
1715950422.402044,1087,,,,,,,,,0
1715950422.4049768,790,0,50189,,,,,,,
1715950422.406423,809,,,180,0,45,0,1,,
1715950422.4120169,1087,,,,,,,,,0
1715950422.4149978,790,0,50189,,,,,,,
1715950422.4164531,809,,,180,0,45,0,1,,
1715950422.4219675,1087,,,,,,,,,0
1715950422.4250371,790,0,59149,,,,,,,
1715950422.4264867,809,,,180,0,45,0,1,,
1715950422.43205,1087,,,,,,,,,0
1715950422.4345343,790,0,59149,,,,,,,
1715950422.435985,809,,,180,0,45,0,1,,
1715950422.4420435,1087,,,,,,,,,0
1715950422.4450371,790,0,59149,,,,,,,
1715950422.4464865,809,,,180,0,45,0,1,,
1715950422.4520254,1087,,,,,,,,,0
1715950422.4549863,790,0,59149,,,,,,,
1715950422.4564378,809,,,180,0,45,0,1,,
1715950422.4619637,1087,,,,,,,,,0
1715950422.4643974,790,0,62989,,,,,,,
1715950422.4659488,809,,,180,0,45,0,1,,
1715950422.4720492,1087,,,,,,,,,0
1715950422.4750304,790,0,62989,,,,,,,
1715950422.4764795,809,,,180,0,45,0,1,,
1715950422.481982,1087,,,,,,,,,0
1715950422.4849842,790,0,62989,,,,,,,
1715950422.486427,809,,,180,0,45,0,1,,
1715950422.491988,1087,,,,,,,,,0
1715950422.4949172,790,0,62989,,,,,,,
1715950422.496376,809,,,180,0,45,0,1,,
1715950422.5019164,1087,,,,,,,,,0
1715950422.5049233,790,0,62989,,,,,,,
1715950422.505155,809,,,180,0,45,0,1,,
1715950422.511943,1087,,,,,,,,,0
1715950422.5150247,790,0,1806,,,,,,,
1715950422.5164757,809,,,180,0,45,0,1,,
1715950422.521948,1087,,,,,,,,,0
1715950422.524943,790,0,1806,,,,,,,
1715950422.5263648,809,,,180,0,45,0,1,,
1715950422.5320451,1087,,,,,,,,,0
1715950422.5349243,790,0,1806,,,,,,,
1715950422.5363767,809,,,180,0,45,0,1,,
1715950422.5419722,1087,,,,,,,,,0
1715950422.54498,790,0,1806,,,,,,,
1715950422.546427,809,,,180,0,44,0,1,,
1715950422.5519505,1087,,,,,,,,,0
1715950422.5549908,790,0,10766,,,,,,,
1715950422.5564358,809,,,180,0,44,0,1,,
1715950422.5619028,1087,,,,,,,,,0
1715950422.564306,790,0,10766,,,,,,,
1715950422.5659091,809,,,180,0,44,0,1,,
1715950422.571913,1087,,,,,,,,,0
1715950422.5748885,790,0,10766,,,,,,,
1715950422.5763333,809,,,180,0,44,0,1,,
1715950422.5819702,1087,,,,,,,,,0
1715950422.584943,790,0,10766,,,,,,,
1715950422.5863864,809,,,180,0,44,0,1,,
1715950422.5919812,1087,,,,,,,,,0
1715950422.5950139,790,0,10766,,,,,,,
1715950422.5964596,809,,,180,0,44,0,1,,
1715950422.6019378,1087,,,,,,,,,0
1715950422.6050467,790,0,4366,,,,,,,
1715950422.6064882,809,,,180,0,44,0,1,,
1715950422.6121078,1087,,,,,,,,,0
1715950422.615022,790,0,4366,,,,,,,
1715950422.6164694,809,,,180,0,44,0,1,,
1715950422.6219096,1087,,,,,,,,,0
1715950422.6248608,790,0,4366,,,,,,,
1715950422.626308,809,,,180,0,44,0,1,,
1715950422.631918,1087,,,,,,,,,0
1715950422.6348712,790,0,4366,,,,,,,
1715950422.636317,809,,,180,0,44,0,1,,
1715950422.6418672,1087,,,,,,,,,0
1715950422.6448545,790,0,53517,,,,,,,
1715950422.6462986,809,,,180,0,44,0,1,,
1715950422.6520045,1087,,,,,,,,,0
1715950422.6549356,790,0,53517,,,,,,,
1715950422.6563892,809,,,180,0,44,0,1,,
1715950422.661938,1087,,,,,,,,,0
1715950422.6644192,790,0,53517,,,,,,,
1715950422.6662529,809,,,180,0,44,0,1,,
1715950422.6719801,1087,,,,,,,,,0
1715950422.674928,790,0,53517,,,,,,,
1715950422.6763923,809,,,180,0,44,0,1,,
1715950422.6819482,1087,,,,,,,,,0
1715950422.6849859,790,0,53517,,,,,,,
1715950422.6864352,809,,,180,0,44,0,1,,
1715950422.6919575,1087,,,,,,,,,0
1715950422.6949706,790,0,47629,,,,,,,
1715950422.6964216,809,,,180,0,43,0,1,,
1715950422.7018404,1087,,,,,,,,,0
1715950422.7048516,790,0,47629,,,,,,,
1715950422.7062953,809,,,180,0,43,0,1,,
1715950422.711852,1087,,,,,,,,,0
1715950422.714885,790,0,47629,,,,,,,
1715950422.716332,809,,,180,0,43,0,1,,
1715950422.7218409,1087,,,,,,,,,0
1715950422.7248497,790,0,47629,,,,,,,
1715950422.7262912,809,,,180,0,43,0,1,,
1715950422.7318695,1087,,,,,,,,,0
1715950422.7348168,790,0,43789,,,,,,,
1715950422.736262,809,,,180,0,43,0,1,,
1715950422.7419364,1087,,,,,,,,,0
1715950422.7449098,790,0,43789,,,,,,,
1715950422.7463517,809,,,180,0,43,0,1,,
1715950422.7518642,1087,,,,,,,,,0
1715950422.7548506,790,0,43789,,,,,,,
1715950422.756292,809,,,180,0,43,0,1,,
1715950422.7618904,1087,,,,,,,,,0
1715950422.7648203,790,0,43789,,,,,,,
1715950422.7662592,809,,,180,0,43,0,1,,
1715950422.7718394,1087,,,,,,,,,0
1715950422.774887,790,0,43789,,,,,,,
1715950422.7763321,809,,,180,0,43,0,1,,
1715950422.781847,1087,,,,,,,,,0
1715950422.784811,790,0,39693,,,,,,,
1715950422.7862568,809,,,180,0,43,0,1,,
1715950422.7919219,1087,,,,,,,,,0
1715950422.794894,790,0,39693,,,,,,,
1715950422.7963393,809,,,180,0,43,0,1,,
1715950422.8018115,1087,,,,,,,,,0
1715950422.8048365,790,0,39693,,,,,,,
1715950422.8050725,809,,,180,0,43,0,1,,
1715950422.8119123,1087,,,,,,,,,0
1715950422.8148334,790,0,39693,,,,,,,
1715950422.8162827,809,,,180,0,43,0,1,,
1715950422.8219018,1087,,,,,,,,,0
1715950422.8260057,790,0,40205,,,,,,,
1715950422.8274477,809,,,180,0,43,0,1,,
1715950422.8324082,1087,,,,,,,,,0
1715950422.8350213,790,0,40205,,,,,,,
1715950422.8364625,809,,,180,0,43,0,1,,
1715950422.8419795,1087,,,,,,,,,0
1715950422.844963,790,0,40205,,,,,,,
1715950422.8463979,809,,,180,0,43,0,1,,
1715950422.8521,1087,,,,,,,,,0
1715950422.8551834,790,0,40205,,,,,,,
1715950422.8567896,809,,,180,0,43,0,1,,
1715950422.8622258,1087,,,,,,,,,0
1715950422.8648498,790,0,40205,,,,,,,
1715950422.866309,809,,,180,0,43,0,1,,
1715950422.8720596,1087,,,,,,,,,0
1715950422.8754625,790,0,25101,,,,,,,
1715950422.8769097,809,,,180,0,43,0,1,,
1715950422.8822021,1087,,,,,,,,,0
1715950422.8850265,790,0,25101,,,,,,,
1715950422.886471,809,,,180,0,43,0,1,,
1715950422.8920622,1087,,,,,,,,,0
1715950422.895046,790,0,25101,,,,,,,
1715950422.896494,809,,,180,0,43,0,1,,
1715950422.9020467,1087,,,,,,,,,0
1715950422.9049683,790,0,25101,,,,,,,
1715950422.906411,809,,,180,0,43,0,1,,
1715950422.9120748,1087,,,,,,,,,0
1715950422.9150326,790,0,25101,,,,,,,
1715950422.916486,809,,,180,0,43,0,1,,
1715950422.9219806,1087,,,,,,,,,0
1715950422.925046,790,0,24333,,,,,,,
1715950422.926495,809,,,180,0,43,0,1,,
1715950422.9319718,1087,,,,,,,,,0
1715950422.934982,790,0,24333,,,,,,,
1715950422.9364388,809,,,180,0,43,0,1,,
1715950422.9420464,1087,,,,,,,,,0
1715950422.945036,790,0,24333,,,,,,,
1715950422.946491,809,,,180,0,43,0,1,,
1715950422.9519897,1087,,,,,,,,,0
1715950422.9549751,790,0,24333,,,,,,,
1715950422.9564283,809,,,180,0,43,0,1,,
1715950422.9620242,1087,,,,,,,,,0
1715950422.9659781,790,0,32269,,,,,,,
1715950422.9674292,809,,,180,0,43,0,1,,
1715950422.9720562,1087,,,,,,,,,0
1715950422.9750483,790,0,32269,,,,,,,
1715950422.97651,809,,,180,0,43,0,1,,
1715950422.9820008,1087,,,,,,,,,0
1715950422.9849706,790,0,32269,,,,,,,
1715950422.9864187,809,,,180,0,43,0,1,,
1715950422.9920173,1087,,,,,,,,,0
1715950422.9950445,790,0,32269,,,,,,,
1715950422.9964955,809,,,180,0,43,0,1,,
1715950423.001922,1087,,,,,,,,,0
1715950423.0049357,790,0,32269,,,,,,,
1715950423.0063825,809,,,180,0,43,0,1,,
1715950423.0119245,1087,,,,,,,,,0
1715950423.014948,790,0,33293,,,,,,,
1715950423.015184,809,,,180,0,43,0,1,,
1715950423.0220096,1087,,,,,,,,,0
1715950423.0249557,790,0,33293,,,,,,,
1715950423.0263987,809,,,180,0,43,0,1,,
1715950423.0320208,1087,,,,,,,,,0
1715950423.0349782,790,0,33293,,,,,,,
1715950423.036427,809,,,180,0,43,0,1,,
1715950423.041924,1087,,,,,,,,,0
1715950423.0449882,790,0,33293,,,,,,,
1715950423.0464306,809,,,180,0,43,0,1,,
1715950423.0519416,1087,,,,,,,,,0
1715950423.054914,790,0,33293,,,,,,,
1715950423.0563757,809,,,180,0,43,0,1,,
1715950423.0620122,1087,,,,,,,,,0
1715950423.0642865,790,0,32525,,,,,,,
1715950423.065947,809,,,180,0,43,0,1,,
1715950423.0719736,1087,,,,,,,,,0
1715950423.0749824,790,0,32525,,,,,,,
1715950423.0764318,809,,,180,0,43,0,1,,
1715950423.0819306,1087,,,,,,,,,0
1715950423.0848897,790,0,32525,,,,,,,
1715950423.0863352,809,,,180,0,43,0,1,,
1715950423.0919337,1087,,,,,,,,,0
1715950423.094899,790,0,32525,,,,,,,
1715950423.09635,809,,,180,0,43,0,1,,
1715950423.1019266,1087,,,,,,,,,0
1715950423.1049957,790,0,32269,,,,,,,
1715950423.1052327,809,,,180,0,43,0,1,,
1715950423.1121535,1087,,,,,,,,,0
1715950423.1150947,790,0,32269,,,,,,,
1715950423.1165419,809,,,180,0,43,0,1,,
1715950423.1219282,1087,,,,,,,,,0
1715950423.1249604,790,0,32269,,,,,,,
1715950423.1263974,809,,,180,0,43,0,1,,
1715950423.13219,1087,,,,,,,,,0
1715950423.1349185,790,0,32269,,,,,,,
1715950423.1363778,809,,,180,0,43,0,1,,
1715950423.1419508,1087,,,,,,,,,0
1715950423.1449175,790,0,32269,,,,,,,
1715950423.1463604,809,,,180,0,43,0,1,,
1715950423.1519694,1087,,,,,,,,,0
1715950423.1549082,790,0,28429,,,,,,,
1715950423.1563482,809,,,180,0,43,0,1,,
1715950423.1618629,1087,,,,,,,,,0
1715950423.1643429,790,0,28429,,,,,,,
1715950423.1658816,809,,,180,0,43,0,1,,
1715950423.17192,1087,,,,,,,,,0
1715950423.1748972,790,0,28429,,,,,,,
1715950423.1763408,809,,,180,0,43,0,1,,
1715950423.182071,1087,,,,,,,,,0
1715950423.1848888,790,0,28429,,,,,,,
1715950423.1863277,809,,,180,0,43,0,1,,
1715950423.1918802,1087,,,,,,,,,0
1715950423.1948495,790,0,28429,,,,,,,
1715950423.196289,809,,,180,0,43,0,1,,
1715950423.2019694,1087,,,,,,,,,0
1715950423.204889,790,0,24333,,,,,,,
1715950423.2051258,809,,,180,0,43,0,1,,
1715950423.212099,1087,,,,,,,,,0
1715950423.2148762,790,0,24333,,,,,,,
1715950423.2163186,809,,,180,0,43,0,1,,
1715950423.221438,1087,,,,,,,,,0
1715950423.2248466,790,0,24333,,,,,,,
1715950423.226294,809,,,180,0,43,0,1,,
1715950423.2321591,1087,,,,,,,,,0
1715950423.2348974,790,0,24333,,,,,,,
1715950423.236345,809,,,180,0,43,0,1,,
1715950423.2412941,1087,,,,,,,,,0
1715950423.2449207,790,0,22541,,,,,,,
1715950423.2463663,809,,,180,0,43,0,1,,
1715950423.2521272,1087,,,,,,,,,0
1715950423.254858,790,0,22541,,,,,,,
1715950423.2563071,809,,,180,0,43,0,1,,
1715950423.2616243,1087,,,,,,,,,0
1715950423.2642155,790,0,22541,,,,,,,
1715950423.2658765,809,,,180,0,43,0,1,,
1715950423.2722332,1087,,,,,,,,,0
1715950423.2748284,790,0,22541,,,,,,,
1715950423.2750645,809,,,180,0,43,0,1,,
1715950423.281218,1087,,,,,,,,,0
1715950423.2848246,790,0,22541,,,,,,,
1715950423.2862601,809,,,180,0,43,0,1,,
1715950423.2922041,1087,,,,,,,,,0
1715950423.2949412,790,0,16909,,,,,,,
1715950423.2964005,809,,,180,0,43,0,1,,
1715950423.3016427,1087,,,,,,,,,0
1715950423.3048809,790,0,16909,,,,,,,
1715950423.3051012,809,,,180,0,43,0,1,,
1715950423.3121932,1087,,,,,,,,,0
1715950423.3149664,790,0,16909,,,,,,,
1715950423.3164287,809,,,180,0,43,0,1,,
1715950423.3217165,1087,,,,,,,,,0
1715950423.3249438,790,0,16909,,,,,,,
1715950423.3263757,809,,,180,0,43,0,1,,
1715950423.3323216,1087,,,,,,,,,0
1715950423.3350873,790,0,16909,,,,,,,
1715950423.3365219,809,,,180,0,43,0,1,,
1715950423.3417099,1087,,,,,,,,,0
1715950423.3450198,790,0,16141,,,,,,,
1715950423.3464448,809,,,180,0,43,0,1,,
1715950423.3523142,1087,,,,,,,,,0
1715950423.355136,790,0,16141,,,,,,,
1715950423.3565745,809,,,180,0,43,0,1,,
1715950423.3620827,1087,,,,,,,,,0
1715950423.3645957,790,0,16141,,,,,,,
1715950423.3661246,809,,,180,0,43,0,1,,
1715950423.3724198,1087,,,,,,,,,0
1715950423.3750582,790,0,16141,,,,,,,
1715950423.3764987,809,,,180,0,43,0,1,,
1715950423.381705,1087,,,,,,,,,0
1715950423.3860378,790,0,25101,,,,,,,
1715950423.387473,809,,,180,0,43,0,1,,
1715950423.3923426,1087,,,,,,,,,0
1715950423.395095,790,0,25101,,,,,,,
1715950423.3965323,809,,,180,0,43,0,1,,
1715950423.4016263,1087,,,,,,,,,0
1715950423.4050248,790,0,25101,,,,,,,
1715950423.4064643,809,,,180,0,43,0,1,,
1715950423.412462,1087,,,,,,,,,0
1715950423.415123,790,0,25101,,,,,,,
1715950423.4166389,809,,,180,0,43,0,1,,
1715950423.4216359,1087,,,,,,,,,0
1715950423.4250073,790,0,25101,,,,,,,
1715950423.426444,809,,,180,0,43,0,1,,
1715950423.4323409,1087,,,,,,,,,0
1715950423.434987,790,0,25613,,,,,,,
1715950423.4364305,809,,,180,0,43,0,1,,
1715950423.441637,1087,,,,,,,,,0
1715950423.4450383,790,0,25613,,,,,,,
1715950423.4464746,809,,,180,0,43,0,1,,
1715950423.452389,1087,,,,,,,,,0
1715950423.4551911,790,0,25613,,,,,,,
1715950423.4566343,809,,,180,0,43,0,1,,
1715950423.4618244,1087,,,,,,,,,9
1715950423.464436,790,0,25613,,,,,,,
1715950423.4661064,809,,,180,0,43,0,1,,
1715950423.4723196,1087,,,,,,,,,7
1715950423.4750786,790,0,25613,,,,,,,
1715950423.476516,809,,,180,0,43,0,1,,
1715950423.4813948,1087,,,,,,,,,7
1715950423.485002,790,0,22797,,,,,,,
1715950423.486435,809,,,180,0,43,0,1,,
1715950423.4922915,1087,,,,,,,,,7
1715950423.4950323,790,0,22797,,,,,,,
1715950423.4964764,809,,,180,0,43,0,1,,
1715950423.5016308,1087,,,,,,,,,7
1715950423.504963,790,0,22797,,,,,,,
1715950423.5064046,809,,,180,0,43,0,1,,
1715950423.5121918,1087,,,,,,,,,7
1715950423.5149472,790,0,22797,,,,,,,
1715950423.516419,809,,,180,0,43,0,1,,
1715950423.5218146,1087,,,,,,,,,9
1715950423.5260222,790,0,14861,,,,,,,
1715950423.5274606,809,,,180,0,43,0,1,,
1715950423.5323436,1087,,,,,,,,,6
1715950423.5350802,790,0,14861,,,,,,,
1715950423.5365286,809,,,180,0,43,0,1,,
1715950423.5416274,1087,,,,,,,,,6
1715950423.5449607,790,0,14861,,,,,,,
1715950423.546404,809,,,180,0,43,0,1,,
1715950423.5522597,1087,,,,,,,,,6
1715950423.554968,790,0,14861,,,,,,,
1715950423.5564156,809,,,180,0,43,0,1,,
1715950423.5618033,1087,,,,,,,,,5
1715950423.5643084,790,0,14861,,,,,,,
1715950423.5659394,809,,,180,0,43,0,1,,
1715950423.5721748,1087,,,,,,,,,5
1715950423.574989,790,0,525,,,,,,,
1715950423.5764408,809,,,180,0,43,0,1,,
1715950423.5816255,1087,,,,,,,,,5
1715950423.584947,790,0,525,,,,,,,
1715950423.586396,809,,,180,0,43,0,1,,
1715950423.5921853,1087,,,,,,,,,5
1715950423.5949543,790,0,525,,,,,,,
1715950423.5964322,809,,,180,0,43,0,1,,
1715950423.60184,1087,,,,,,,,,5
1715950423.6049483,790,0,525,,,,,,,
1715950423.6063883,809,,,180,0,43,0,1,,
1715950423.6125817,1087,,,,,,,,,5
1715950423.6151,790,0,525,,,,,,,
1715950423.6165466,809,,,180,0,43,0,1,,
1715950423.6219563,1087,,,,,,,,,5
1715950423.6250281,790,0,8461,,,,,,,
1715950423.6264265,809,,,180,0,43,0,1,,
1715950423.6322074,1087,,,,,,,,,5
1715950423.6349907,790,0,8461,,,,,,,
1715950423.6364431,809,,,180,0,43,0,1,,
1715950423.6417758,1087,,,,,,,,,5
1715950423.6449215,790,0,8461,,,,,,,
1715950423.646349,809,,,180,0,43,0,1,,
1715950423.65245,1087,,,,,,,,,5
1715950423.6550245,790,0,8461,,,,,,,
1715950423.6564689,809,,,180,0,43,0,1,,
1715950423.6615953,1087,,,,,,,,,5
1715950423.6643496,790,0,8461,,,,,,,
1715950423.6659122,809,,,180,0,43,0,1,,
1715950423.6721802,1087,,,,,,,,,5
1715950423.6749215,790,0,17421,,,,,,,
1715950423.6763563,809,,,180,0,43,0,1,,
1715950423.6817894,1087,,,,,,,,,5
1715950423.6849608,790,0,17421,,,,,,,
1715950423.686389,809,,,180,0,43,0,1,,
1715950423.6912925,1087,,,,,,,,,5
1715950423.6949737,790,0,17421,,,,,,,
1715950423.6964438,809,,,180,0,43,0,1,,
1715950423.701678,1087,,,,,,,,,5
1715950423.7048798,790,0,17421,,,,,,,
1715950423.7063143,809,,,180,0,43,0,1,,
1715950423.7112777,1087,,,,,,,,,5
1715950423.7159142,790,0,15885,,,,,,,
1715950423.7173572,809,,,180,0,43,0,1,,
1715950423.7218587,1087,,,,,,,,,5
1715950423.7249453,790,0,15885,,,,,,,
1715950423.7263784,809,,,180,0,43,0,1,,
1715950423.7318594,1087,,,,,,,,,5
1715950423.7349172,790,0,15885,,,,,,,
1715950423.7363849,809,,,180,0,43,0,1,,
1715950423.7418563,1087,,,,,,,,,5
1715950423.744899,790,0,15885,,,,,,,
1715950423.7463365,809,,,180,0,43,0,1,,
1715950423.7512796,1087,,,,,,,,,5
1715950423.7548838,790,0,15885,,,,,,,
1715950423.7563283,809,,,180,0,43,0,1,,
1715950423.7618604,1087,,,,,,,,,5
1715950423.764246,790,0,11021,,,,,,,
1715950423.7659566,809,,,180,0,43,0,1,,
1715950423.7719316,1087,,,,,,,,,5
1715950423.7748394,790,0,11021,,,,,,,
1715950423.7762778,809,,,180,0,44,0,1,,
1715950423.7816348,1087,,,,,,,,,5
1715950423.7848456,790,0,11021,,,,,,,
1715950423.7862856,809,,,180,0,45,0,1,,
1715950423.7919428,1087,,,,,,,,,5
1715950423.7949102,790,0,11021,,,,,,,
1715950423.7963543,809,,,180,0,45,0,1,,
1715950423.8016288,1087,,,,,,,,,5
1715950423.8049386,790,0,11021,,,,,,,
1715950423.8063772,809,,,180,0,46,0,1,,
1715950423.8118777,1087,,,,,,,,,5
1715950423.8149078,790,0,10509,,,,,,,
1715950423.8163838,809,,,180,0,46,0,1,,
1715950423.8216662,1087,,,,,,,,,5
1715950423.8250642,790,0,10509,,,,,,,
1715950423.826533,809,,,180,0,46,0,1,,
1715950423.8324103,1087,,,,,,,,,5
1715950423.835145,790,0,10509,,,,,,,
1715950423.8365967,809,,,180,0,46,0,1,,
1715950423.841682,1087,,,,,,,,,5
1715950423.8450813,790,0,10509,,,,,,,
1715950423.8465292,809,,,180,0,46,0,1,,
1715950423.8516653,1087,,,,,,,,,5
1715950423.8550384,790,0,10509,,,,,,,
1715950423.8564878,809,,,180,0,46,0,1,,
1715950423.86191,1087,,,,,,,,,5
1715950423.8644094,790,0,8717,,,,,,,
1715950423.866008,809,,,180,0,46,0,1,,
1715950423.8716025,1087,,,,,,,,,5
1715950423.8750794,790,0,8717,,,,,,,
1715950423.8765256,809,,,180,0,46,0,1,,
1715950423.8821986,1087,,,,,,,,,5
1715950423.8850327,790,0,8717,,,,,,,
1715950423.8864706,809,,,180,0,46,0,1,,
1715950423.8916054,1087,,,,,,,,,5
1715950423.8950672,790,0,8717,,,,,,,
1715950423.8964727,809,,,180,0,46,0,1,,
1715950423.902006,1087,,,,,,,,,5
1715950423.9060056,790,0,9997,,,,,,,
1715950423.9074416,809,,,180,0,46,0,1,,
1715950423.911391,1087,,,,,,,,,5
1715950423.914981,790,0,9997,,,,,,,
1715950423.9164324,809,,,180,0,46,0,1,,
1715950423.9217951,1087,,,,,,,,,5
1715950423.925041,790,0,9997,,,,,,,
1715950423.9264698,809,,,180,0,46,0,1,,
1715950423.9315665,1087,,,,,,,,,5
1715950423.9350016,790,0,9997,,,,,,,
1715950423.9364378,809,,,180,0,46,0,1,,
1715950423.9415746,1087,,,,,,,,,5
1715950423.9449856,790,0,9997,,,,,,,
1715950423.9464216,809,,,180,0,46,0,1,,
1715950423.9513712,1087,,,,,,,,,5
1715950423.9550006,790,0,15885,,,,,,,
1715950423.956444,809,,,180,0,46,0,1,,
1715950423.9622264,1087,,,,,,,,,5
1715950423.9643514,790,0,15885,,,,,,,
1715950423.965991,809,,,180,0,46,0,1,,
1715950423.9720833,1087,,,,,,,,,5
1715950423.9749835,790,0,15885,,,,,,,
1715950423.9764333,809,,,180,0,46,0,1,,
1715950423.9820027,1087,,,,,,,,,5
1715950423.9850075,790,0,15885,,,,,,,
1715950423.9864488,809,,,180,0,47,0,1,,
1715950423.991566,1087,,,,,,,,,5
1715950423.9950616,790,0,15885,,,,,,,
1715950423.996511,809,,,180,0,47,0,1,,
1715950424.001963,1087,,,,,,,,,5
1715950424.0049531,790,0,14349,,,,,,,
1715950424.0063958,809,,,180,0,46,0,1,,
1715950424.0120137,1087,,,,,,,,,5
1715950424.0150166,790,0,14349,,,,,,,
1715950424.0164666,809,,,180,0,46,0,1,,
1715950424.0219548,1087,,,,,,,,,5
1715950424.024942,790,0,14349,,,,,,,
1715950424.0251691,809,,,180,0,46,0,1,,
1715950424.0319593,1087,,,,,,,,,5
1715950424.0349605,790,0,14349,,,,,,,
1715950424.0364115,809,,,180,0,46,0,1,,
1715950424.0415401,1087,,,,,,,,,5
1715950424.0449355,790,0,14349,,,,,,,
1715950424.046381,809,,,180,0,46,0,1,,
1715950424.051946,1087,,,,,,,,,5
1715950424.0549414,790,0,7437,,,,,,,
1715950424.0564125,809,,,180,0,47,0,1,,
1715950424.0615714,1087,,,,,,,,,5
1715950424.0643098,790,0,7437,,,,,,,
1715950424.0659368,809,,,180,0,46,0,1,,
1715950424.0719953,1087,,,,,,,,,5
1715950424.074993,790,0,7437,,,,,,,
1715950424.0764472,809,,,180,0,46,0,1,,
1715950424.0820167,1087,,,,,,,,,5
1715950424.0849583,790,0,7437,,,,,,,
1715950424.0864096,809,,,180,0,47,0,1,,
1715950424.0919333,1087,,,,,,,,,5
1715950424.0959415,790,0,58380,,,,,,,
1715950424.0973983,809,,,180,0,47,0,1,,
1715950424.1015816,1087,,,,,,,,,5
1715950424.1049252,790,0,58380,,,,,,,
1715950424.1051555,809,,,180,0,47,0,1,,
1715950424.1116166,1087,,,,,,,,,5
1715950424.1149852,790,0,58380,,,,,,,
1715950424.1164443,809,,,180,0,47,0,1,,
1715950424.1220138,1087,,,,,,,,,5
1715950424.1249273,790,0,58380,,,,,,,
1715950424.1263776,809,,,180,0,47,0,1,,
1715950424.1319165,1087,,,,,,,,,5
1715950424.1350253,790,0,58380,,,,,,,
1715950424.1364849,809,,,180,0,47,0,1,,
1715950424.1419752,1087,,,,,,,,,5
1715950424.1459148,790,0,37900,,,,,,,
1715950424.1473696,809,,,180,0,47,0,1,,
1715950424.1519415,1087,,,,,,,,,5
1715950424.154969,790,0,37900,,,,,,,
1715950424.1564138,809,,,180,0,48,0,1,,
1715950424.1619592,1087,,,,,,,,,5
1715950424.1642945,790,0,37900,,,,,,,
1715950424.1659198,809,,,180,0,47,0,1,,
1715950424.1718924,1087,,,,,,,,,5
1715950424.1748931,790,0,37900,,,,,,,
1715950424.1763268,809,,,180,0,47,0,1,,
1715950424.1819236,1087,,,,,,,,,5
1715950424.1849215,790,0,37900,,,,,,,
1715950424.1863663,809,,,180,0,47,0,1,,
1715950424.191882,1087,,,,,,,,,5
1715950424.1959326,790,0,37900,,,,,,,
1715950424.1973796,809,,,180,0,48,0,1,,
1715950424.2019222,1087,,,,,,,,,5
1715950424.2048922,790,0,22284,,,,,,,
1715950424.2063305,809,,,180,0,47,0,1,,
1715950424.2119493,1087,,,,,,,,,5
1715950424.214983,790,0,22284,,,,,,,
1715950424.2164347,809,,,180,0,48,0,1,,
1715950424.2218864,1087,,,,,,,,,5
1715950424.2248971,790,0,22284,,,,,,,
1715950424.2263427,809,,,180,0,49,0,1,,
1715950424.2318788,1087,,,,,,,,,5
1715950424.234902,790,0,22284,,,,,,,
1715950424.2363296,809,,,180,0,49,0,1,,
1715950424.2418725,1087,,,,,,,,,5
1715950424.2448688,790,0,22284,,,,,,,
1715950424.2463045,809,,,180,0,49,0,1,,
1715950424.2518778,1087,,,,,,,,,5
1715950424.2548966,790,0,10508,,,,,,,
1715950424.2563357,809,,,180,0,49,0,1,,
1715950424.2619388,1087,,,,,,,,,5
1715950424.2642303,790,0,10508,,,,,,,
1715950424.2659006,809,,,180,0,49,0,1,,
1715950424.2718377,1087,,,,,,,,,5
1715950424.2748506,790,0,10508,,,,,,,
1715950424.2762938,809,,,180,0,49,0,1,,
1715950424.2819133,1087,,,,,,,,,5
1715950424.2848363,790,0,10508,,,,,,,
1715950424.2862709,809,,,180,0,50,0,1,,
1715950424.2919433,1087,,,,,,,,,5
1715950424.2949023,790,0,10508,,,,,,,
1715950424.2963398,809,,,180,0,50,0,1,,
1715950424.3018577,1087,,,,,,,,,5
1715950424.3048503,790,0,2572,,,,,,,
1715950424.3062906,809,,,180,0,50,0,1,,
1715950424.3114636,1087,,,,,,,,,5
1715950424.3149266,790,0,2572,,,,,,,
1715950424.3163939,809,,,180,0,51,0,1,,
1715950424.3214588,1087,,,,,,,,,5
1715950424.325042,790,0,2572,,,,,,,
1715950424.3264844,809,,,180,0,51,0,1,,
1715950424.3314416,1087,,,,,,,,,5
1715950424.335109,790,0,2572,,,,,,,
1715950424.3365562,809,,,180,0,51,0,1,,
1715950424.341483,1087,,,,,,,,,5
1715950424.3450775,790,0,2572,,,,,,,
1715950424.3465202,809,,,180,0,51,0,1,,
1715950424.351465,1087,,,,,,,,,5
1715950424.355053,790,0,6668,,,,,,,
1715950424.3564987,809,,,180,0,51,0,1,,
1715950424.361828,1087,,,,,,,,,5
1715950424.3645904,790,0,6668,,,,,,,
1715950424.3662026,809,,,180,0,51,0,1,,
1715950424.371672,1087,,,,,,,,,5
1715950424.3750982,790,0,6668,,,,,,,
1715950424.3765485,809,,,180,0,51,0,1,,
1715950424.3817263,1087,,,,,,,,,5
1715950424.3852048,790,0,6668,,,,,,,
1715950424.3854492,809,,,180,0,51,0,1,,
1715950424.392104,1087,,,,,,,,,5
1715950424.3950462,790,0,6668,,,,,,,
1715950424.3964934,809,,,180,0,51,0,1,,
1715950424.4013882,1087,,,,,,,,,5
1715950424.4050286,790,0,24332,,,,,,,
1715950424.4064727,809,,,180,0,51,0,1,,
1715950424.4116251,1087,,,,,,,,,5
1715950424.4151165,790,0,24332,,,,,,,
1715950424.4165857,809,,,180,0,51,0,1,,
1715950424.4214141,1087,,,,,,,,,5
1715950424.4250948,790,0,24332,,,,,,,
1715950424.4265463,809,,,180,0,51,0,1,,
1715950424.431419,1087,,,,,,,,,5
1715950424.4352372,790,0,24332,,,,,,,
1715950424.4366872,809,,,180,0,50,0,1,,
1715950424.4413962,1087,,,,,,,,,5
1715950424.4450529,790,0,24332,,,,,,,
1715950424.4464989,809,,,180,0,50,0,1,,
1715950424.4513862,1087,,,,,,,,,5
1715950424.4550176,790,0,50444,,,,,,,
1715950424.4564621,809,,,180,0,50,0,1,,
1715950424.4613783,1087,,,,,,,,,5
1715950424.4643497,790,0,50444,,,,,,,
1715950424.4660485,809,,,180,0,50,0,1,,
1715950424.4713771,1087,,,,,,,,,5
1715950424.4749808,790,0,50444,,,,,,,
1715950424.4764273,809,,,180,0,49,0,1,,
1715950424.4816036,1087,,,,,,,,,5
1715950424.4850018,790,0,50444,,,,,,,
1715950424.486438,809,,,180,0,49,0,1,,
1715950424.4915872,1087,,,,,,,,,5
1715950424.4949844,790,0,50444,,,,,,,
1715950424.4964323,809,,,180,0,49,0,1,,
1715950424.5013678,1087,,,,,,,,,5
1715950424.5050054,790,0,21773,,,,,,,
1715950424.506452,809,,,180,0,48,0,1,,
1715950424.5115612,1087,,,,,,,,,5
1715950424.515035,790,0,21773,,,,,,,
1715950424.5164952,809,,,180,0,48,0,1,,
1715950424.5216074,1087,,,,,,,,,5
1715950424.5249581,790,0,21773,,,,,,,
1715950424.526402,809,,,180,0,48,0,1,,
1715950424.5313625,1087,,,,,,,,,5
1715950424.5349638,790,0,21773,,,,,,,
1715950424.5364184,809,,,180,0,48,0,1,,
1715950424.5415597,1087,,,,,,,,,5
1715950424.5450237,790,0,57357,,,,,,,
1715950424.546468,809,,,180,0,48,0,1,,
1715950424.5514188,1087,,,,,,,,,5
1715950424.5550625,790,0,57357,,,,,,,
1715950424.556511,809,,,180,0,48,0,1,,
1715950424.5616438,1087,,,,,,,,,5
1715950424.5644157,790,0,57357,,,,,,,
1715950424.5660968,809,,,180,0,48,0,1,,
1715950424.5715575,1087,,,,,,,,,5
1715950424.574942,790,0,57357,,,,,,,
1715950424.5764184,809,,,180,0,48,0,1,,
1715950424.5813785,1087,,,,,,,,,5
1715950424.585039,790,0,57357,,,,,,,
1715950424.5864887,809,,,180,0,48,0,1,,
1715950424.5919273,1087,,,,,,,,,5
1715950424.5949328,790,0,11790,,,,,,,
1715950424.5963905,809,,,180,0,48,0,1,,
1715950424.6030724,1087,,,,,,,,,5
1715950424.6049523,790,0,11790,,,,,,,
1715950424.6063907,809,,,180,0,47,0,1,,
1715950424.611672,1087,,,,,,,,,5
1715950424.6151958,790,0,11790,,,,,,,
1715950424.6166782,809,,,180,0,47,0,1,,
1715950424.6213386,1087,,,,,,,,,5
1715950424.6250124,790,0,11790,,,,,,,
1715950424.6264484,809,,,180,0,47,0,1,,
1715950424.6316295,1087,,,,,,,,,5
1715950424.634942,790,0,22798,,,,,,,
1715950424.636391,809,,,180,0,47,0,1,,
1715950424.6413608,1087,,,,,,,,,5
1715950424.6449304,790,0,22798,,,,,,,
1715950424.646369,809,,,180,0,47,0,1,,
1715950424.6515896,1087,,,,,,,,,5
1715950424.654923,790,0,22798,,,,,,,
1715950424.6563892,809,,,180,0,47,0,1,,
1715950424.661551,1087,,,,,,,,,5
1715950424.6649528,790,0,22798,,,,,,,
1715950424.6663952,809,,,180,0,47,0,1,,
1715950424.671562,1087,,,,,,,,,5
1715950424.6749349,790,0,31502,,,,,,,
1715950424.6763988,809,,,180,0,47,0,1,,
1715950424.681315,1087,,,,,,,,,5
1715950424.6849,790,0,31502,,,,,,,
1715950424.686343,809,,,180,0,47,0,1,,
1715950424.6913123,1087,,,,,,,,,5
1715950424.6949542,790,0,31502,,,,,,,
1715950424.696449,809,,,180,0,47,0,1,,
1715950424.701287,1087,,,,,,,,,5
1715950424.704982,790,0,31502,,,,,,,
1715950424.7064266,809,,,180,0,47,0,1,,
1715950424.7112858,1087,,,,,,,,,5
1715950424.714913,790,0,31502,,,,,,,
1715950424.7163558,809,,,180,0,47,0,1,,
1715950424.721319,1087,,,,,,,,,5
1715950424.7242842,790,0,24334,,,,,,,
1715950424.7258747,809,,,180,0,47,0,1,,
1715950424.7312734,1087,,,,,,,,,5
1715950424.734891,790,0,24334,,,,,,,
1715950424.7363372,809,,,180,0,47,0,1,,
1715950424.7412832,1087,,,,,,,,,5
1715950424.744893,790,0,24334,,,,,,,
1715950424.7451246,809,,,180,0,47,0,1,,
1715950424.7513332,1087,,,,,,,,,5
1715950424.7549314,790,0,24334,,,,,,,
1715950424.756399,809,,,180,0,47,0,1,,
1715950424.7614727,1087,,,,,,,,,5
1715950424.7644522,790,0,17166,,,,,,,
1715950424.7659287,809,,,180,0,47,0,1,,
1715950424.7712717,1087,,,,,,,,,5
1715950424.774931,790,0,17166,,,,,,,
1715950424.7764006,809,,,180,0,47,0,1,,
1715950424.78126,1087,,,,,,,,,5
1715950424.7842417,790,0,17166,,,,,,,
1715950424.7859223,809,,,180,0,47,0,1,,
1715950424.7914598,1087,,,,,,,,,5
1715950424.7949297,790,0,17166,,,,,,,
1715950424.7963915,809,,,180,0,47,0,1,,
1715950424.8012674,1087,,,,,,,,,5
1715950424.8048546,790,0,27662,,,,,,,
1715950424.8062909,809,,,180,0,47,0,1,,
1715950424.8112516,1087,,,,,,,,,5
1715950424.814854,790,0,27662,,,,,,,
1715950424.8162978,809,,,180,0,47,0,1,,
1715950424.8214567,1087,,,,,,,,,5
1715950424.8250968,790,0,27662,,,,,,,
1715950424.8265347,809,,,180,0,47,0,1,,
1715950424.8318424,1087,,,,,,,,,5
1715950424.8350592,790,0,27662,,,,,,,
1715950424.8365026,809,,,180,0,47,0,1,,
1715950424.8414326,1087,,,,,,,,,5
1715950424.8444364,790,0,27662,,,,,,,
1715950424.8458734,809,,,180,0,47,0,1,,
1715950424.8516812,1087,,,,,,,,,5
1715950424.8550441,790,0,26126,,,,,,,
1715950424.856491,809,,,180,0,47,0,1,,
1715950424.861737,1087,,,,,,,,,5
1715950424.8647766,790,0,26126,,,,,,,
1715950424.8662112,809,,,180,0,47,0,1,,
1715950424.8714774,1087,,,,,,,,,5
1715950424.8750422,790,0,26126,,,,,,,
1715950424.8764849,809,,,180,0,47,0,1,,
1715950424.8817108,1087,,,,,,,,,5
1715950424.884809,790,0,26126,,,,,,,
1715950424.8862736,809,,,180,0,47,0,1,,
1715950424.8914723,1087,,,,,,,,,5
1715950424.8951232,790,0,16398,,,,,,,
1715950424.8965712,809,,,180,0,47,0,1,,
1715950424.90141,1087,,,,,,,,,5
1715950424.904662,790,0,16398,,,,,,,
1715950424.9062533,809,,,180,0,47,0,1,,
1715950424.9114082,1087,,,,,,,,,5
1715950424.9150867,790,0,16398,,,,,,,
1715950424.9165266,809,,,180,0,47,0,1,,
1715950424.921703,1087,,,,,,,,,5
1715950424.924425,790,0,16398,,,,,,,
1715950424.9260092,809,,,180,0,47,0,1,,
1715950424.9314377,1087,,,,,,,,,5
1715950424.9354515,790,0,18958,,,,,,,
1715950424.9369304,809,,,180,0,47,0,1,,
1715950424.9414275,1087,,,,,,,,,5
1715950424.9444196,790,0,18958,,,,,,,
1715950424.9460113,809,,,180,0,47,0,1,,
1715950424.9516442,1087,,,,,,,,,5
1715950424.9550188,790,0,18958,,,,,,,
1715950424.9564664,809,,,180,0,47,0,1,,
1715950424.961639,1087,,,,,,,,,5
1715950424.9645784,790,0,18958,,,,,,,
1715950424.9661963,809,,,180,0,47,0,1,,
1715950424.971588,1087,,,,,,,,,5
1715950424.9750955,790,0,18958,,,,,,,
1715950424.976543,809,,,180,0,47,0,1,,
1715950424.9818327,1087,,,,,,,,,5
1715950424.9846435,790,0,16654,,,,,,,
1715950424.986089,809,,,180,0,47,0,1,,
1715950424.9915907,1087,,,,,,,,,5
1715950424.9951136,790,0,16654,,,,,,,
1715950424.996567,809,,,180,0,47,0,1,,
1715950425.0016646,1087,,,,,,,,,5
1715950425.00448,790,0,16654,,,,,,,
1715950425.0061042,809,,,180,0,47,0,1,,
1715950425.01165,1087,,,,,,,,,5
1715950425.014986,790,0,16654,,,,,,,
1715950425.0164356,809,,,180,0,47,0,1,,
1715950425.0214052,1087,,,,,,,,,5
1715950425.0243897,790,0,8462,,,,,,,
1715950425.026037,809,,,180,0,47,0,1,,
